id,Name
5df6543578d827f9698e95ac,Middle-earth: Shadow of War
5df6539f78d827f9698e3046,Apex Legends
5df653ab78d827f9698e3812,Call of Duty: Modern Warfare
5df653cc78d827f9698e535c,Red Dead Redemption 2
5df6548c78d827f9698ec036,The Witcher 3: Wild Hunt
5df6542e78d827f9698e9140,PlayerUnknown's Battlegrounds
5df6545d78d827f9698ea73a,Overwatch
5df6547578d827f9698eaf3c,Grand Theft Auto V
5df6548278d827f9698ebaee,Tom Clancy's Rainbow Six Siege
5df654c878d827f9698ed318,Total War: Rome II
5df654cd78d827f9698ed6fe,Counter-Strike: Global Offensive
5df6550a78d827f9698ee116,League of Legends
5df653d978d827f9698e5d16,Assassin's Creed Odyssey
5df653dc78d827f9698e5f0c,Battlefield V
5df6540278d827f9698e7570,Shadow of the Tomb Raider
5ea5e032155bfb00061bb02d,Minecraft
5fde7944bcfa11b43f4b9fe2,VALORANT
5fde7e2cbcfa11b43f4b9fe7,Cyberpunk 2077
5fde7ec8bcfa11b43f4b9fe8,Call of Duty: Black Ops Cold War
5fde7f7abcfa11b43f4b9fe9,Assassin's Creed Valhalla